Cm,Ch,Bm,Bh,T,sR,sG,sB,L,A,B
0.002,0.003,0.001,0.7,0.01,282.522,253.388,245.8,101.5230638,8.580564625,7.177680452
0.002,0.003,0.001,0.7,0.09333333,280.446,250.252,238.61,100.4399441,8.352999517,9.277188665
0.002,0.003,0.001,0.7,0.17666667,279.117,248.152,234.02,99.72482206,8.266254461,10.58652983
0.002,0.003,0.001,0.7,0.25,278.093,246.645,230.94,99.21065594,8.213756381,11.42194721
0.002,0.003,0.25,0.7,0.01,282.192,253.092,245.58,101.4204803,8.582483154,7.139000039
0.002,0.003,0.25,0.7,0.09333333,279.839,249.627,238.13,100.2296919,8.387266123,9.210858943
0.002,0.003,0.25,0.7,0.17666667,278.333,247.327,233.4,99.44860209,8.31688488,10.50268902
0.002,0.003,0.25,0.7,0.25,277.148,245.651,230.21,98.87771798,8.278783031,11.30962342
0.002,0.003,0.5,0.7,0.01,281.877,252.792,245.35,101.3181556,8.591344213,7.102220433
0.002,0.003,0.5,0.7,0.09333333,279.248,249.015,237.63,100.0233048,8.415235035,9.166960427
0.002,0.003,0.5,0.7,0.17666667,277.537,246.486,232.79,99.16747589,8.37366303,10.40588776
0.002,0.003,0.5,0.7,0.25,276.198,244.659,229.48,98.54460957,8.339658607,11.19971596
0.002,0.003,0.75,0.7,0.01,281.576,252.501,245.13,101.2188196,8.601283983,7.068097321
0.002,0.003,0.75,0.7,0.09333333,278.653,248.391,237.17,99.81436051,8.454359526,9.099105231
0.002,0.003,0.75,0.7,0.17666667,276.771,245.646,232.2,98.88954897,8.444099214,10.30134297
0.002,0.003,0.75,0.7,0.25,275.286,243.678,228.76,98.21723981,8.411824776,11.09023082
0.002,0.003,0.999,0.7,0.01,281.261,252.207,244.93,101.118166,8.609166165,7.026241587
0.002,0.003,0.999,0.7,0.09333333,278.064,247.79,236.71,99.61135567,8.485190092,9.03615595
0.002,0.003,0.999,0.7,0.17666667,275.948,244.817,231.6,98.60889141,8.486460606,10.20147631
0.002,0.003,0.999,0.7,0.25,274.351,242.709,228.1,97.89178944,8.475949021,10.9592792
0.002,0.0175,0.001,0.7,0.01,282.543,253.407,245.83,101.530197,8.583059248,7.171414025
0.002,0.0175,0.001,0.7,0.09333333,280.474,250.292,238.69,100.4535859,8.355022142,9.25488453
0.002,0.0175,0.001,0.7,0.17666667,279.154,248.201,234.15,99.74245835,8.273375957,10.54793185
0.002,0.0175,0.001,0.7,0.25,278.138,246.72,231.08,99.23559384,8.21248148,11.3852758
0.002,0.0175,0.25,0.7,0.01,282.207,253.108,245.62,101.4264605,8.586567753,7.125980393
0.002,0.0175,0.25,0.7,0.09333333,279.872,249.661,238.22,100.2423435,8.394063823,9.187899446
0.002,0.0175,0.25,0.7,0.17666667,278.366,247.381,233.51,99.46655392,8.317643686,10.47328832
0.002,0.0175,0.25,0.7,0.25,277.195,245.71,230.36,98.89897778,8.286249594,11.26700537
0.002,0.0175,0.5,0.7,0.01,281.892,252.811,245.4,101.3249341,8.593731685,7.089373081
0.002,0.0175,0.5,0.7,0.09333333,279.282,249.055,237.7,100.0370722,8.417153832,9.152911066
0.002,0.0175,0.5,0.7,0.17666667,277.584,246.523,232.89,99.18246635,8.385831642,10.37796623
0.002,0.0175,0.5,0.7,0.25,276.24,244.733,229.59,98.56811353,8.333367061,11.17750045
0.002,0.0175,0.75,0.7,0.01,281.59,252.515,245.17,101.2244358,8.604934015,7.056292515
0.002,0.0175,0.75,0.7,0.09333333,278.696,248.432,237.25,99.82975934,8.461987764,9.07617765
0.002,0.0175,0.75,0.7,0.17666667,276.807,245.706,232.3,98.90915583,8.440970457,10.27907783
0.002,0.0175,0.75,0.7,0.25,275.345,243.74,228.87,98.23933183,8.415883206,11.06962716
0.002,0.0175,0.999,0.7,0.01,281.276,252.231,244.96,101.126013,8.607738609,7.020044705
0.002,0.0175,0.999,0.7,0.09333333,278.095,247.831,236.78,99.6255753,8.485976065,9.018811466
0.002,0.0175,0.999,0.7,0.17666667,275.997,244.862,231.73,98.6265596,8.501379878,10.1570677
0.002,0.0175,0.999,0.7,0.25,274.404,242.753,228.23,97.91000426,8.49269595,10.91411262
0.002,0.0591,0.001,0.7,0.01,282.59,253.458,245.94,101.5487601,8.591023939,7.140825037
0.002,0.0591,0.001,0.7,0.09333333,280.572,250.398,238.89,100.4916342,8.36576855,9.206238374
0.002,0.0591,0.001,0.7,0.17666667,279.252,248.356,234.45,99.7944822,8.273179284,10.46974422
0.002,0.0591,0.001,0.7,0.25,278.284,246.891,231.42,99.29602912,8.226625653,11.30143514
0.002,0.0591,0.25,0.7,0.01,282.255,253.16,245.72,101.4453945,8.592268068,7.100333791
0.002,0.0591,0.25,0.7,0.09333333,279.953,249.778,238.43,100.2819981,8.395460534,9.134510341
0.002,0.0591,0.25,0.7,0.17666667,278.482,247.512,233.77,99.5134968,8.330031527,10.40902095
0.002,0.0591,0.25,0.7,0.25,277.315,245.901,230.7,98.96237061,8.282140235,11.18280706
0.002,0.0591,0.5,0.7,0.01,281.94,252.864,245.5,101.3437811,8.59875654,7.066335276
0.002,0.0591,0.5,0.7,0.09333333,279.358,249.152,237.95,100.0723778,8.432112862,9.075712843
0.002,0.0591,0.5,0.7,0.17666667,277.68,246.696,233.18,99.23832461,8.375924043,10.30680632
0.002,0.0591,0.5,0.7,0.25,276.38,244.911,229.96,98.63077927,8.347056917,11.07855285
0.002,0.0591,0.75,0.7,0.01,281.634,252.568,245.28,101.2429574,8.609758834,7.029406883
0.002,0.0591,0.75,0.7,0.09333333,278.772,248.545,237.46,99.86752632,8.461396621,9.027994002
0.002,0.0591,0.75,0.7,0.17666667,276.921,245.849,232.57,98.95887543,8.448800745,10.21139649
0.002,0.0591,0.75,0.7,0.25,275.452,243.921,229.21,98.29950758,8.412853927,10.97825232
0.002,0.0591,0.999,0.7,0.01,281.323,252.274,245.06,101.1424864,8.618206406,6.990759932
0.002,0.0591,0.999,0.7,0.09333333,278.171,247.934,236.98,99.66112381,8.490976618,8.966879202
0.002,0.0591,0.999,0.7,0.17666667,276.11,245.01,232,98.67744272,8.504637599,10.09645419
0.002,0.0591,0.999,0.7,0.25,274.544,242.913,228.54,97.96679931,8.505764022,10.84089202
0.002,0.1503,0.001,0.7,0.01,282.701,253.579,246.16,101.5916994,8.602055399,7.091073746
0.002,0.1503,0.001,0.7,0.09333333,280.775,250.649,239.42,100.5802097,8.388920918,9.066200939
0.002,0.1503,0.001,0.7,0.17666667,279.517,248.688,235.1,99.91034326,8.294071806,10.30723567
0.002,0.1503,0.001,0.7,0.25,278.59,247.294,232.14,99.43399357,8.236131136,11.13211263
0.002,0.1503,0.25,0.7,0.01,282.365,253.271,245.95,101.485939,8.609089389,7.044140522
0.002,0.1503,0.25,0.7,0.09333333,280.151,250.015,238.91,100.3656233,8.415682603,9.014422433
0.002,0.1503,0.25,0.7,0.17666667,278.727,247.852,234.47,99.63061537,8.347598791,10.2214064
0.002,0.1503,0.25,0.7,0.25,277.628,246.283,231.43,99.09613196,8.307322417,11.00087974
0.002,0.1503,0.5,0.7,0.01,282.042,252.978,245.73,101.3846715,8.611882055,7.00752851
0.002,0.1503,0.5,0.7,0.09333333,279.548,249.382,238.45,100.1541819,8.457426433,8.939037362
0.002,0.1503,0.5,0.7,0.17666667,277.94,247.019,233.81,99.35158655,8.397525555,10.14716615
0.002,0.1503,0.5,0.7,0.25,276.676,245.294,230.72,98.76406896,8.369158879,10.8824711
0.002,0.1503,0.75,0.7,0.01,281.729,252.684,245.5,101.2837682,8.618305049,6.973959796
0.002,0.1503,0.75,0.7,0.09333333,278.974,248.781,237.96,99.95200339,8.488216146,8.894221368
0.002,0.1503,0.75,0.7,0.17666667,277.181,246.163,233.2,99.06971016,8.473760937,10.05228708
0.002,0.1503,0.75,0.7,0.25,275.738,244.304,230,98.43253887,8.43550297,10.76845781
0.002,0.1503,0.999,0.7,0.01,281.425,252.387,245.28,101.1828222,8.629711422,6.939401897
0.002,0.1503,0.999,0.7,0.09333333,278.365,248.167,237.47,99.74396856,8.514610371,8.836552108
0.002,0.1503,0.999,0.7,0.17666667,276.382,245.327,232.57,98.78881851,8.525282461,9.962835545
0.002,0.1503,0.999,0.7,0.25,274.823,243.306,229.25,98.10025468,8.510685768,10.66643775
0.002,0.32,0.001,0.7,0.01,282.901,253.802,246.6,101.6715055,8.625697199,6.983559628
0.002,0.32,0.001,0.7,0.09333333,281.156,251.101,240.37,100.7409658,8.435694729,8.816480421
0.002,0.32,0.001,0.7,0.17666667,279.991,249.298,236.34,100.1231403,8.33704077,9.979160287
0.002,0.32,0.001,0.7,0.25,279.14,248.03,233.61,99.68840908,8.273922377,10.7486831
0.002,0.32,0.25,0.7,0.01,282.566,253.49,246.37,101.5642281,8.632449677,6.944141213
0.002,0.32,0.25,0.7,0.09333333,280.517,250.471,239.86,100.5265795,8.456942549,8.758432844
0.002,0.32,0.25,0.7,0.17666667,279.193,248.444,235.7,99.83871434,8.395579257,9.888928344
0.002,0.32,0.25,0.7,0.25,278.188,247.022,232.86,99.35133965,8.340863972,10.63896546
0.002,0.32,0.5,0.7,0.01,282.234,253.191,246.15,101.4607614,8.635578209,6.904413394
0.002,0.32,0.5,0.7,0.09333333,279.904,249.842,239.37,100.314471,8.487680281,8.700101683
0.002,0.32,0.5,0.7,0.17666667,278.412,247.603,235.04,99.55796835,8.449380783,9.820111447
0.002,0.32,0.5,0.7,0.25,277.235,246.006,232.08,99.01158031,8.406878519,10.54105912
0.002,0.32,0.75,0.7,0.01,281.916,252.892,245.93,101.3585454,8.642958379,6.866136823
0.002,0.32,0.75,0.7,0.09333333,279.318,249.213,238.88,100.1046808,8.529111957,8.643062056
0.002,0.32,0.75,0.7,0.17666667,277.617,246.777,234.41,99.27989862,8.496124794,9.737850925
0.002,0.32,0.75,0.7,0.25,276.311,245.006,231.39,98.67968213,8.486844516,10.41342145
0.002,0.32,0.999,0.7,0.01,281.609,252.6,245.71,101.2585031,8.65098743,6.832736669
0.002,0.32,0.999,0.7,0.09333333,278.731,248.597,238.41,99.89845661,8.565391326,8.582714402
0.002,0.32,0.999,0.7,0.17666667,276.862,245.929,233.75,98.99968763,8.564585633,9.663130677
0.002,0.32,0.999,0.7,0.25,275.372,244.037,230.66,98.3529069,8.540964235,10.31045421
0.0148,0.003,0.001,0.7,0.01,276.35,244.322,230.77,98.50541485,8.755523036,10.48250129
0.0148,0.003,0.001,0.7,0.09333333,268.847,231.895,206.66,94.36391515,8.955835629,16.95140243
0.0148,0.003,0.001,0.7,0.17666667,263.744,224.095,192.62,91.75125376,9.194391711,20.50692375
0.0148,0.003,0.001,0.7,0.25,259.949,218.921,183.55,89.98499464,9.272341148,22.71934482
0.0148,0.003,0.25,0.7,0.01,274.488,242.584,229.79,97.91125571,8.839161142,10.11813679
0.0148,0.003,0.25,0.7,0.09333333,265.152,228.646,204.42,93.21334392,8.969018511,16.45061822
0.0148,0.003,0.25,0.7,0.17666667,258.771,219.868,189.8,90.23154147,9.159825505,19.79381612
0.0148,0.003,0.25,0.7,0.25,254.517,213.997,180.28,88.23911459,9.366149803,21.93580802
0.0148,0.003,0.5,0.7,0.01,272.586,240.983,228.85,97.34694203,8.846951684,9.770670323
0.0148,0.003,0.5,0.7,0.09333333,261.381,225.508,202.41,92.08554203,8.932006288,15.8557243
0.0148,0.003,0.5,0.7,0.17666667,254.231,215.858,187.23,88.80322919,9.2080643,19.08218212
0.0148,0.003,0.5,0.7,0.25,249.331,209.381,177.58,86.59472466,9.468578137,20.99809663
0.0148,0.003,0.75,0.7,0.01,270.898,239.414,228.02,96.81019609,8.929221385,9.412083589
0.0148,0.003,0.75,0.7,0.09333333,258.03,222.599,200.41,91.04688868,8.930220857,15.3934479
0.0148,0.003,0.75,0.7,0.17666667,249.925,212.251,184.69,87.4893954,9.139387849,18.52173013
0.0148,0.003,0.75,0.7,0.25,244.375,205.068,174.68,85.03463172,9.473667275,20.29536328
0.0148,0.003,0.999,0.7,0.01,269.243,237.857,227.21,96.27899483,9.021372702,9.048643768
0.0148,0.003,0.999,0.7,0.09333333,255.034,219.861,198.39,90.07791552,8.967311039,15.04580251
0.0148,0.003,0.999,0.7,0.17666667,245.984,208.726,182.13,86.2241748,9.161482115,18.04663544
0.0148,0.003,0.999,0.7,0.25,239.589,200.921,171.98,83.52878685,9.484265986,19.5667175
0.0148,0.0175,0.001,0.7,0.01,276.356,244.353,230.81,98.51429285,8.747725672,10.47463199
0.0148,0.0175,0.001,0.7,0.09333333,268.862,231.933,206.75,94.37616685,8.953942285,16.92254856
0.0148,0.0175,0.001,0.7,0.17666667,263.803,224.139,192.68,91.76832632,9.201143883,20.50119445
0.0148,0.0175,0.001,0.7,0.25,259.974,218.968,183.54,89.99848055,9.257114692,22.74089918
0.0148,0.0175,0.25,0.7,0.01,274.495,242.598,229.79,97.91527014,8.834079516,10.12447002
0.0148,0.0175,0.25,0.7,0.09333333,265.184,228.649,204.53,93.21914655,8.994263473,16.40256692
0.0148,0.0175,0.25,0.7,0.17666667,258.781,219.905,189.86,90.24259289,9.152251592,19.77723871
0.0148,0.0175,0.25,0.7,0.25,254.567,214.024,180.33,88.25121046,9.377508838,21.92543615
0.0148,0.0175,0.5,0.7,0.01,272.609,240.993,228.87,97.35179476,8.852992629,9.767335549
0.0148,0.0175,0.5,0.7,0.09333333,261.422,225.553,202.39,92.0994978,8.92044754,15.88743817
0.0148,0.0175,0.5,0.7,0.17666667,254.255,215.895,187.27,88.81501546,9.20325282,19.07749394
0.0148,0.0175,0.5,0.7,0.25,249.352,209.45,177.65,86.61475188,9.448786444,20.99265727
0.0148,0.0175,0.75,0.7,0.01,270.926,239.424,228.03,96.8151437,8.934828856,9.415170423
0.0148,0.0175,0.75,0.7,0.09333333,258.077,222.622,200.51,91.05858993,8.949719351,15.35854758
0.0148,0.0175,0.75,0.7,0.17666667,249.982,212.278,184.74,87.50215092,9.153777225,18.51339805
0.0148,0.0175,0.75,0.7,0.25,244.417,205.105,174.77,85.04917426,9.481474193,20.2704531
0.0148,0.0175,0.999,0.7,0.01,269.265,237.871,227.22,96.28431672,9.022915947,9.052657119
0.0148,0.0175,0.999,0.7,0.09333333,255.053,219.883,198.42,90.08538077,8.967232367,15.04161088
0.0148,0.0175,0.999,0.7,0.17666667,246.019,208.742,182.15,86.23175737,9.169415859,18.04633284
0.0148,0.0175,0.999,0.7,0.25,239.646,200.959,172.01,83.54411634,9.490195395,19.57084767
0.0148,0.0591,0.001,0.7,0.01,276.396,244.39,230.87,98.52770624,8.752358273,10.46184892
0.0148,0.0591,0.001,0.7,0.09333333,268.911,232.008,206.88,94.40097126,8.950464637,16.89441496
0.0148,0.0591,0.001,0.7,0.17666667,263.864,224.264,192.89,91.80805602,9.187113741,20.4489723
0.0148,0.0591,0.001,0.7,0.25,260.076,219.005,183.7,90.01964719,9.29649755,22.68815162
0.0148,0.0591,0.25,0.7,0.01,274.52,242.643,229.82,97.92868777,8.825132415,10.12685531
0.0148,0.0591,0.25,0.7,0.09333333,265.24,228.729,204.69,93.24694066,8.996734501,16.35574625
0.0148,0.0591,0.25,0.7,0.17666667,258.882,219.992,190.03,90.27623579,9.167301616,19.73647149
0.0148,0.0591,0.25,0.7,0.25,254.633,214.183,180.53,88.29964581,9.346271688,21.88760253
0.0148,0.0591,0.5,0.7,0.01,272.657,241.037,228.9,97.3669132,8.851793015,9.774724587
0.0148,0.0591,0.5,0.7,0.09333333,261.5,225.616,202.51,92.12387981,8.932480968,15.86372937
0.0148,0.0591,0.5,0.7,0.17666667,254.337,215.983,187.51,88.84859674,9.219538935,19.00200693
0.0148,0.0591,0.5,0.7,0.25,249.451,209.618,177.78,86.66717349,9.415421569,20.99775254
0.0148,0.0591,0.75,0.7,0.01,270.968,239.454,228.09,96.82717475,8.944593355,9.398994505
0.0148,0.0591,0.75,0.7,0.09333333,258.142,222.686,200.65,91.08283345,8.959810397,15.320878
0.0148,0.0591,0.75,0.7,0.17666667,250.067,212.351,184.84,87.52946651,9.160506791,18.50162415
0.0148,0.0591,0.75,0.7,0.25,244.568,205.183,174.93,85.08522169,9.519173483,20.23622696
0.0148,0.0591,0.999,0.7,0.01,269.296,237.907,227.3,96.29722008,9.02709375,9.033244286
0.0148,0.0591,0.999,0.7,0.09333333,255.085,219.957,198.57,90.10949967,8.963077371,14.9931493
0.0148,0.0591,0.999,0.7,0.17666667,246.084,208.804,182.4,86.25764592,9.19482825,17.95394685
0.0148,0.0591,0.999,0.7,0.25,239.829,201.095,172.19,83.59783791,9.512263421,19.55156653
0.0148,0.1503,0.001,0.7,0.01,276.476,244.484,231,98.55988294,8.751363329,10.44339297
0.0148,0.1503,0.001,0.7,0.09333333,269.084,232.182,207.12,94.46284665,8.957637827,16.85918844
0.0148,0.1503,0.001,0.7,0.17666667,264.054,224.528,193.2,91.89471249,9.16261547,20.41099567
0.0148,0.1503,0.001,0.7,0.25,260.349,219.305,184.23,90.12685105,9.310531215,22.56773856
0.0148,0.1503,0.25,0.7,0.01,274.619,242.745,229.98,97.9650989,8.832667217,10.09533886
0.0148,0.1503,0.25,0.7,0.09333333,265.386,228.902,205.15,93.3109057,9.023962468,16.21234669
0.0148,0.1503,0.25,0.7,0.17666667,259.036,220.214,190.5,90.35328088,9.172705702,19.5992662
0.0148,0.1503,0.25,0.7,0.25,254.87,214.409,181.16,88.38816396,9.398196475,21.68709962
0.0148,0.1503,0.5,0.7,0.01,272.712,241.116,229.09,97.3948122,8.85883741,9.718440224
0.0148,0.1503,0.5,0.7,0.09333333,261.654,225.801,202.78,92.18787784,8.931646194,15.81341588
0.0148,0.1503,0.5,0.7,0.17666667,254.444,216.173,187.9,88.91216133,9.213244374,18.88805692
0.0148,0.1503,0.5,0.7,0.25,249.63,209.83,178.14,86.74204625,9.419861304,20.91426313
0.0148,0.1503,0.75,0.7,0.01,271.011,239.544,228.18,96.85435147,8.926353549,9.395622216
0.0148,0.1503,0.75,0.7,0.09333333,258.211,222.886,200.86,91.14155764,8.911787508,15.29511202
0.0148,0.1503,0.75,0.7,0.17666667,250.156,212.472,185.23,87.5750743,9.183326095,18.36049463
0.0148,0.1503,0.75,0.7,0.25,244.779,205.357,175.47,85.15801841,9.57885849,20.05288256
0.0148,0.1503,0.999,0.7,0.01,269.374,238.004,227.4,96.32950311,9.021031205,9.024969947
0.0148,0.1503,0.999,0.7,0.09333333,255.215,220.154,198.89,90.17536409,8.952646055,14.92520648
0.0148,0.1503,0.999,0.7,0.17666667,246.24,208.996,182.72,86.32496004,9.195768387,17.88300366
0.0148,0.1503,0.999,0.7,0.25,240.146,201.191,172.62,83.6593009,9.638143092,19.41241288
0.0148,0.32,0.001,0.7,0.01,276.602,244.646,231.28,98.61527135,8.755201073,10.37984713
0.0148,0.32,0.001,0.7,0.09333333,269.429,232.545,207.66,94.59149948,8.97199926,16.76230609
0.0148,0.32,0.001,0.7,0.17666667,264.497,225.021,193.79,92.06469347,9.15083556,20.34602535
0.0148,0.32,0.001,0.7,0.25,260.837,219.813,185.03,90.30906234,9.33360995,22.4081038
0.0148,0.32,0.25,0.7,0.01,274.762,242.936,230.27,98.02951993,8.82845507,10.04062555
0.0148,0.32,0.25,0.7,0.09333333,265.703,229.192,205.63,93.41822347,9.056740102,16.11954437
0.0148,0.32,0.25,0.7,0.17666667,259.43,220.642,191.12,90.50426813,9.180725386,19.49053067
0.0148,0.32,0.25,0.7,0.25,255.272,214.923,181.94,88.56418665,9.383058166,21.53037134
0.0148,0.32,0.5,0.7,0.01,272.839,241.27,229.34,97.44795563,8.862488113,9.667445248
0.0148,0.32,0.5,0.7,0.09333333,261.916,226.141,203.34,92.30446365,8.930034465,15.69064974
0.0148,0.32,0.5,0.7,0.17666667,254.887,216.54,188.47,89.05237623,9.264781327,18.78963053
0.0148,0.32,0.5,0.7,0.25,250.008,210.253,178.98,86.89585776,9.451399302,20.69166581
0.0148,0.32,0.75,0.7,0.01,271.151,239.694,228.43,96.90789601,8.937346358,9.342609087
0.0148,0.32,0.75,0.7,0.09333333,258.474,223.186,201.41,91.24906004,8.930015208,15.16344551
0.0148,0.32,0.75,0.7,0.17666667,250.419,212.844,185.93,87.70333711,9.182863848,18.17612081
0.0148,0.32,0.75,0.7,0.25,245.139,205.74,176.16,85.2979265,9.605128928,19.89001619
0.0148,0.32,0.999,0.7,0.01,269.535,238.131,227.57,96.37726443,9.037327946,9.010350096
0.0148,0.32,0.999,0.7,0.09333333,255.491,220.43,199.45,90.27866252,8.990597598,14.77891456
0.0148,0.32,0.999,0.7,0.17666667,246.472,209.442,183.4,86.46874982,9.14234706,17.72825697
0.0148,0.32,0.999,0.7,0.25,240.416,201.566,173.27,83.78861847,9.628807322,19.25565052
0.0487,0.003,0.001,0.7,0.01,263.889,228.92,209.68,93.28201701,9.113144555,13.80196837
0.0487,0.003,0.001,0.7,0.09333333,245.039,200.653,159.38,83.72809603,10.12175775,26.56030198
0.0487,0.003,0.001,0.7,0.17666667,233.463,184.098,133.73,78.13083767,11.42340382,32.35430598
0.0487,0.003,0.001,0.7,0.25,225.235,172.934,120.23,74.35994521,12.68268518,34.38142871
0.0487,0.003,0.25,0.7,0.01,260.152,225.79,208,92.1668039,9.13652579,13.04779142
0.0487,0.003,0.25,0.7,0.09333333,237.529,194.653,156.11,81.49572721,9.980182568,25.13169695
0.0487,0.003,0.25,0.7,0.17666667,223.678,176.143,129.83,75.14380467,11.33172006,30.30518448
0.0487,0.003,0.25,0.7,0.25,213.938,164.321,115.77,71.01288614,12.2730623,32.18663894
0.0487,0.003,0.5,0.7,0.01,256.456,223.069,206.8,91.16233055,9.034149347,12.2045125
0.0487,0.003,0.5,0.7,0.09333333,230.892,188.717,152.63,79.34550325,10.11933457,23.94469119
0.0487,0.003,0.5,0.7,0.17666667,214.705,169.023,125.89,72.42078421,11.12014301,28.63714081
0.0487,0.003,0.5,0.7,0.25,203.88,156.252,111.57,67.90300766,12.10316241,30.19086651
0.0487,0.003,0.75,0.7,0.01,253.495,220.694,205.76,90.30693314,9.043664546,11.49422721
0.0487,0.003,0.75,0.7,0.09333333,224.455,183.563,148.99,77.39260913,9.9044273,23.12296814
0.0487,0.003,0.75,0.7,0.17666667,207.097,162.682,122.32,70.01607247,11.07986506,27.22908916
0.0487,0.003,0.75,0.7,0.25,195.053,149.011,107.94,65.11100072,12.05035493,28.33528032
0.0487,0.003,0.999,0.7,0.01,250.555,218.686,204.51,89.53637894,8.840060685,11.01887774
0.0487,0.003,0.999,0.7,0.09333333,218.835,178.55,145.91,75.55377676,10.00241078,22.17628843
0.0487,0.003,0.999,0.7,0.17666667,200.113,156.73,118.8,67.7564197,11.08891563,26.01066817
0.0487,0.003,0.999,0.7,0.25,186.794,142.541,104.89,62.56037777,11.87538387,26.49178895
0.0487,0.0175,0.001,0.7,0.01,263.904,228.943,209.68,93.28886567,9.10728095,13.81033579
0.0487,0.0175,0.001,0.7,0.09333333,245.067,200.659,159.38,83.73225295,10.1298832,26.56426358
0.0487,0.0175,0.001,0.7,0.17666667,233.501,184.064,133.75,78.12661833,11.45865735,32.33817938
0.0487,0.0175,0.001,0.7,0.25,225.319,172.95,120.33,74.37412162,12.71730906,34.35003661
0.0487,0.0175,0.25,0.7,0.01,260.156,225.8,208.01,92.16989932,9.133988814,13.04726776
0.0487,0.0175,0.25,0.7,0.09333333,237.549,194.675,156.14,81.50334452,9.979704118,25.12861845
0.0487,0.0175,0.25,0.7,0.17666667,223.718,176.134,129.96,75.14791432,11.36618797,30.24221946
0.0487,0.0175,0.25,0.7,0.25,213.959,164.353,115.82,71.02372829,12.2696227,32.17203864
0.0487,0.0175,0.5,0.7,0.01,256.468,223.058,206.79,91.16039756,9.043237644,12.20603024
0.0487,0.0175,0.5,0.7,0.09333333,230.863,188.765,152.61,79.35407587,10.08009188,23.96824089
0.0487,0.0175,0.5,0.7,0.17666667,214.699,169.047,125.88,72.42598631,11.10349209,28.65104057
0.0487,0.0175,0.5,0.7,0.25,203.938,156.242,111.6,67.90709359,12.13598491,30.17840535
0.0487,0.0175,0.75,0.7,0.01,253.482,220.7,205.77,90.30754561,9.03694352,11.49044775
0.0487,0.0175,0.75,0.7,0.09333333,224.476,183.595,148.95,77.40154849,9.890668618,23.15776189
0.0487,0.0175,0.75,0.7,0.17666667,207.129,162.673,122.42,70.01883509,11.10868923,27.17915865
0.0487,0.0175,0.75,0.7,0.25,195.12,149.045,107.96,65.12696279,12.06169336,28.34473337
0.0487,0.0175,0.999,0.7,0.01,250.574,218.705,204.52,89.54298314,8.838290243,11.0235036
0.0487,0.0175,0.999,0.7,0.09333333,218.865,178.568,145.88,75.56064004,10.00080477,22.20170774
0.0487,0.0175,0.999,0.7,0.17666667,200.147,156.711,118.74,67.75429251,11.10724796,26.03666138
0.0487,0.0175,0.999,0.7,0.25,186.786,142.592,104.95,62.5732298,11.84949585,26.47898364
0.0487,0.0591,0.001,0.7,0.01,263.919,228.934,209.72,93.28881943,9.122540575,13.79183052
0.0487,0.0591,0.001,0.7,0.09333333,245.13,200.774,159.44,83.76717691,10.1005358,26.58363457
0.0487,0.0591,0.001,0.7,0.17666667,233.518,184.168,133.79,78.15441502,11.41383505,32.357527
0.0487,0.0591,0.001,0.7,0.25,225.365,173.046,120.39,74.40318748,12.69169136,34.35298352
0.0487,0.0591,0.25,0.7,0.01,260.148,225.804,208.05,92.17113013,9.134490572,13.02893247
0.0487,0.0591,0.25,0.7,0.09333333,237.617,194.663,156.34,81.51059804,10.03662138,25.03360589
0.0487,0.0591,0.25,0.7,0.17666667,223.676,176.241,129.96,75.17007301,11.29351119,30.2664519
0.0487,0.0591,0.25,0.7,0.25,213.94,164.393,115.87,71.03250675,12.24604654,32.15536579
0.0487,0.0591,0.5,0.7,0.01,256.528,223.073,206.83,91.17035035,9.062820645,12.19866593
0.0487,0.0591,0.5,0.7,0.09333333,230.878,188.879,152.65,79.38426082,10.03076171,23.98848849
0.0487,0.0591,0.5,0.7,0.17666667,214.768,169.123,126.03,72.45426768,11.10615457,28.61233508
0.0487,0.0591,0.5,0.7,0.25,204.041,156.251,111.88,67.92440124,12.20169982,30.05610036
0.0487,0.0591,0.75,0.7,0.01,253.462,220.708,205.77,90.30787751,9.026345841,11.48803549
0.0487,0.0591,0.75,0.7,0.09333333,224.449,183.635,149.11,77.41202265,9.878648546,23.08653745
0.0487,0.0591,0.75,0.7,0.17666667,207.114,162.73,122.42,70.03155041,11.07200761,27.19603973
0.0487,0.0591,0.75,0.7,0.25,195.127,149.059,107.98,65.13139299,12.05938374,28.34124525
0.0487,0.0591,0.999,0.7,0.01,250.601,218.728,204.56,89.55182846,8.842883125,11.01261138
0.0487,0.0591,0.999,0.7,0.09333333,218.936,178.604,145.94,75.57760305,10.01693226,22.19348494
0.0487,0.0591,0.999,0.7,0.17666667,200.197,156.765,118.77,67.77343786,11.10111205,26.04685628
0.0487,0.0591,0.999,0.7,0.25,186.869,142.681,105.03,62.60608952,11.84467,26.4747864
0.0487,0.1503,0.001,0.7,0.01,263.959,228.976,209.76,93.30359046,9.122049122,13.78869419
0.0487,0.1503,0.001,0.7,0.09333333,245.3,200.896,159.52,83.81444744,10.11266011,26.6052993
0.0487,0.1503,0.001,0.7,0.17666667,233.663,184.339,134.15,78.21633464,11.41900797,32.25138169
0.0487,0.1503,0.001,0.7,0.25,225.643,173.186,120.63,74.46956214,12.75163828,34.32302841
0.0487,0.1503,0.25,0.7,0.01,260.186,225.878,208.11,92.19351165,9.120002633,13.02696548
0.0487,0.1503,0.25,0.7,0.09333333,237.639,194.776,156.47,81.54269293,10.00186729,25.00767471
0.0487,0.1503,0.25,0.7,0.17666667,223.885,176.34,129.98,75.21554114,11.3268043,30.31911614
0.0487,0.1503,0.25,0.7,0.25,214.151,164.509,116.1,71.08637174,12.29170526,32.11071145
0.0487,0.1503,0.5,0.7,0.01,256.584,223.085,206.83,91.17792432,9.076727262,12.21101442
0.0487,0.1503,0.5,0.7,0.09333333,230.938,188.984,152.78,79.41818726,10.01372003,23.9673368
0.0487,0.1503,0.5,0.7,0.17666667,214.907,169.249,126.16,72.50195876,11.1091708,28.604156
0.0487,0.1503,0.5,0.7,0.25,204.066,156.359,112.09,67.95737951,12.17558276,29.98405301
0.0487,0.1503,0.75,0.7,0.01,253.479,220.687,205.79,90.30456555,9.046324747,11.47411459
0.0487,0.1503,0.75,0.7,0.09333333,224.612,183.73,149.11,77.45108965,9.89160328,23.14073678
0.0487,0.1503,0.75,0.7,0.17666667,207.288,162.757,122.68,70.06030116,11.15570602,27.10161098
0.0487,0.1503,0.75,0.7,0.25,195.318,149.28,108.08,65.20845101,12.02708694,28.39222999
0.0487,0.1503,0.999,0.7,0.01,250.638,218.734,204.58,89.55684868,8.856410496,11.00915651
0.0487,0.1503,0.999,0.7,0.09333333,218.972,178.73,146.09,75.61519184,9.982456841,22.16412083
0.0487,0.1503,0.999,0.7,0.17666667,200.351,156.8,118.97,67.80138017,11.16711405,25.98111634
0.0487,0.1503,0.999,0.7,0.25,186.97,142.771,105.11,62.64054755,11.84467963,26.48293238
0.0487,0.32,0.001,0.7,0.01,264.041,229.07,209.91,93.33642615,9.124722288,13.75897509
0.0487,0.32,0.001,0.7,0.09333333,245.533,201.055,159.8,83.87996871,10.15112167,26.55495579
0.0487,0.32,0.001,0.7,0.17666667,234.033,184.543,134.6,78.31030812,11.50551483,32.14402098
0.0487,0.32,0.001,0.7,0.25,226.047,173.47,120.9,74.58446196,12.79099128,34.33285911
0.0487,0.32,0.25,0.7,0.01,260.295,225.963,208.31,92.22801068,9.144065772,12.9724975
0.0487,0.32,0.25,0.7,0.09333333,237.837,194.913,156.74,81.59994063,10.03829496,24.94695842
0.0487,0.32,0.25,0.7,0.17666667,223.979,176.613,130.42,75.29940537,11.2659059,30.19834055
0.0487,0.32,0.25,0.7,0.25,214.247,164.823,116.37,71.17807639,12.18917295,32.0874184
0.0487,0.32,0.5,0.7,0.01,256.739,223.197,206.92,91.22043943,9.087788806,12.22668995
0.0487,0.32,0.5,0.7,0.09333333,231.09,189.051,153.13,79.45557312,10.08035041,23.83500968
0.0487,0.32,0.5,0.7,0.17666667,215.126,169.677,126.68,72.63853758,11.02365437,28.51409967
0.0487,0.32,0.5,0.7,0.25,204.369,156.636,112.37,68.06257914,12.17792323,29.97611906
0.0487,0.32,0.75,0.7,0.01,253.556,220.721,205.88,90.32154916,9.069104119,11.45345206
0.0487,0.32,0.75,0.7,0.09333333,224.816,183.791,149.44,77.49184556,9.978925323,23.02480269
0.0487,0.32,0.75,0.7,0.17666667,207.417,162.983,122.79,70.13168865,11.09867025,27.13508765
0.0487,0.32,0.75,0.7,0.25,195.44,149.511,108.5,65.28630044,11.99618392,28.26328149
0.0487,0.32,0.999,0.7,0.01,250.677,218.767,204.69,89.57094663,8.870016622,10.97084828
0.0487,0.32,0.999,0.7,0.09333333,218.926,178.883,146.38,75.65408351,9.919334207,22.06186983
0.0487,0.32,0.999,0.7,0.17666667,200.413,156.944,119.16,67.84713401,11.13492905,25.94067608
0.0487,0.32,0.999,0.7,0.25,187.04,142.848,105.35,62.67176766,11.85695864,26.392988
0.1139,0.003,0.001,0.7,0.01,249.453,213.12,189.81,87.76513429,9.214107098,16.21292284
0.1139,0.003,0.001,0.7,0.09333333,215.919,165.069,111.7,71.33912504,12.27893691,34.8035375
0.1139,0.003,0.001,0.7,0.17666667,195.954,139.68,80.62,62.49002826,15.06032244,39.65090779
0.1139,0.003,0.001,0.7,0.25,182.371,124.152,69.55,56.95727715,17.01531314,38.46730722
0.1139,0.003,0.25,0.7,0.01,244.857,209.344,187.69,86.3906871,9.188845958,15.33641061
0.1139,0.003,0.25,0.7,0.09333333,204.953,157.132,107.01,68.16124408,11.60773749,32.98964507
0.1139,0.003,0.25,0.7,0.17666667,181.811,129.157,77.03,58.22527404,14.55873268,36.01930548
0.1139,0.003,0.25,0.7,0.25,166.52,113.506,66.37,52.37945801,15.89091526,34.25389975
0.1139,0.003,0.5,0.7,0.01,240.394,206.138,185.9,85.17028166,8.964038965,14.5037968
0.1139,0.003,0.5,0.7,0.09333333,195.385,150.011,103.16,65.31847664,11.14813633,31.19891795
0.1139,0.003,0.5,0.7,0.17666667,169.444,120.73,73.85,54.64198383,13.68591911,33.02918083
0.1139,0.003,0.5,0.7,0.25,153.571,104.681,64.15,48.55774083,15.07554671,30.47491205
0.1139,0.003,0.75,0.7,0.01,236.627,203.627,184.59,84.1900787,8.700672691,13.76908134
0.1139,0.003,0.75,0.7,0.09333333,187.688,143.046,98.95,62.68371057,11.34540681,29.92209416
0.1139,0.003,0.75,0.7,0.17666667,159.067,112.922,70.55,51.40342487,13.31538709,30.57410072
0.1139,0.003,0.75,0.7,0.25,142.002,96.572,61.62,45.03152674,14.43814751,27.23421876
0.1139,0.003,0.999,0.7,0.01,233.535,201.195,182.99,83.28105274,8.605442494,13.29333852
0.1139,0.003,0.999,0.7,0.09333333,180.455,136.661,95.3,60.23356575,11.47811228,28.60357182
0.1139,0.003,0.999,0.7,0.17666667,150.037,105.774,67.3,48.4574892,13.1649888,28.4925953
0.1139,0.003,0.999,0.7,0.25,131.872,89.632,59.57,41.94859183,13.80770874,24.27862178
0.1139,0.0175,0.001,0.7,0.01,249.459,213.135,189.81,87.76934334,9.20843662,16.21987293
0.1139,0.0175,0.001,0.7,0.09333333,215.928,165.092,111.76,71.34661237,12.27659191,34.7784496
0.1139,0.0175,0.001,0.7,0.17666667,196.005,139.746,80.62,62.51212582,15.04550405,39.67649133
0.1139,0.0175,0.001,0.7,0.25,182.379,124.179,69.56,56.96505874,17.00430803,38.47143211
0.1139,0.0175,0.25,0.7,0.01,244.871,209.33,187.69,86.38847948,9.200973743,15.33444297
0.1139,0.0175,0.25,0.7,0.09333333,204.984,157.138,107.04,68.16632481,11.61963167,32.98266949
0.1139,0.0175,0.25,0.7,0.17666667,181.832,129.196,77.01,58.23741043,14.54437974,36.04337918
0.1139,0.0175,0.25,0.7,0.25,166.492,113.518,66.38,52.37915331,15.87234177,34.24724328
0.1139,0.0175,0.5,0.7,0.01,240.401,206.143,185.86,85.17104926,8.957773145,14.52861373
0.1139,0.0175,0.5,0.7,0.09333333,195.403,150.041,103.16,65.32785598,11.13832606,31.21490002
0.1139,0.0175,0.5,0.7,0.17666667,169.423,120.726,73.86,54.63868132,13.67954415,33.01981863
0.1139,0.0175,0.5,0.7,0.25,153.62,104.691,64.14,48.56609481,15.09121712,30.48901367
0.1139,0.0175,0.75,0.7,0.01,236.63,203.62,184.58,84.18818293,8.704287168,13.77264032
0.1139,0.0175,0.75,0.7,0.09333333,187.718,143.048,98.99,62.68805002,11.36017677,29.91019738
0.1139,0.0175,0.75,0.7,0.17666667,159.076,112.91,70.59,51.40210111,13.32966713,30.55120352
0.1139,0.0175,0.75,0.7,0.25,141.995,96.548,61.63,45.02487782,14.45037202,27.21617585
0.1139,0.0175,0.999,0.7,0.01,233.539,201.193,183,83.28108811,8.60805995,13.29154517
0.1139,0.0175,0.999,0.7,0.09333333,180.443,136.677,95.29,60.23617162,11.46257721,28.61505504
0.1139,0.0175,0.999,0.7,0.17666667,149.995,105.793,67.33,48.45785152,13.13799393,28.47586679
0.1139,0.0175,0.999,0.7,0.25,131.859,89.646,59.57,41.95052309,13.79350595,24.28338704
0.1139,0.0591,0.001,0.7,0.01,249.453,213.155,189.8,87.77356547,9.194913032,16.22872207
0.1139,0.0591,0.001,0.7,0.09333333,215.836,165.107,111.84,71.34196525,12.23820706,34.73161465
0.1139,0.0591,0.001,0.7,0.17666667,196.017,139.795,80.55,62.52484681,15.01871177,39.72689508
0.1139,0.0591,0.001,0.7,0.25,182.52,124.193,69.65,56.98633205,17.06372802,38.45542999
0.1139,0.0591,0.25,0.7,0.01,244.872,209.327,187.73,86.38845441,9.208119183,15.31504174
0.1139,0.0591,0.25,0.7,0.09333333,205.03,157.168,107.12,68.17978837,11.63038184,32.95844548
0.1139,0.0591,0.25,0.7,0.17666667,181.839,129.269,77.04,58.25675613,14.50897344,36.05064278
0.1139,0.0591,0.25,0.7,0.25,166.549,113.578,66.4,52.40139027,15.86490372,34.26381015
0.1139,0.0591,0.5,0.7,0.01,240.391,206.152,185.89,85.17309468,8.95431236,14.5136373
0.1139,0.0591,0.5,0.7,0.09333333,195.458,150.095,103.2,65.34787826,11.13570431,31.22085996
0.1139,0.0591,0.5,0.7,0.17666667,169.484,120.794,73.9,54.66338885,13.67137631,33.02942143
0.1139,0.0591,0.5,0.7,0.25,153.609,104.732,64.17,48.57548604,15.06534232,30.48670758
0.1139,0.0591,0.75,0.7,0.01,236.641,203.607,184.6,84.18650625,8.718686778,13.75646518
0.1139,0.0591,0.75,0.7,0.09333333,187.752,143.07,99.06,62.69834453,11.36937284,29.8861002
0.1139,0.0591,0.75,0.7,0.17666667,159.12,112.959,70.63,51.42026344,13.32450989,30.55248627
0.1139,0.0591,0.75,0.7,0.25,141.971,96.623,61.66,45.04155228,14.39870985,27.22063649
0.1139,0.0591,0.999,0.7,0.01,233.524,201.226,183.01,83.2878541,8.586930087,13.29630353
0.1139,0.0591,0.999,0.7,0.09333333,180.483,136.68,95.32,60.24174599,11.48118102,28.60428486
0.1139,0.0591,0.999,0.7,0.17666667,150.05,105.83,67.39,48.47457086,13.14638155,28.46551135
0.1139,0.0591,0.999,0.7,0.25,131.951,89.679,59.61,41.97129056,13.81834115,24.28884093
0.1139,0.1503,0.001,0.7,0.01,249.43,213.161,189.83,87.77366357,9.187309138,16.2126178
0.1139,0.1503,0.001,0.7,0.09333333,215.904,165.276,111.89,71.39157377,12.17977154,34.76869099
0.1139,0.1503,0.001,0.7,0.17666667,196.088,139.851,80.75,62.54899843,15.03309131,39.65458415
0.1139,0.1503,0.001,0.7,0.25,182.53,124.318,69.66,57.01836082,16.99940509,38.48407572
0.1139,0.1503,0.25,0.7,0.01,244.911,209.336,187.76,86.39490914,9.222250299,15.30839151
0.1139,0.1503,0.25,0.7,0.09333333,205.109,157.158,107.15,68.18615256,11.67109426,32.95266323
0.1139,0.1503,0.25,0.7,0.17666667,181.929,129.303,77.15,58.27694308,14.53745381,36.02014841
0.1139,0.1503,0.25,0.7,0.25,166.693,113.716,66.41,52.45327747,15.84956741,34.32921651
0.1139,0.1503,0.5,0.7,0.01,240.412,206.19,185.88,85.18402128,8.940488569,14.53529413
0.1139,0.1503,0.5,0.7,0.09333333,195.534,150.12,103.29,65.36369676,11.1631989,31.1898218
0.1139,0.1503,0.5,0.7,0.17666667,169.545,120.824,73.97,54.67895181,13.68695515,33.01131207
0.1139,0.1503,0.5,0.7,0.25,153.64,104.824,64.23,48.60339604,15.03145699,30.48608893
0.1139,0.1503,0.75,0.7,0.01,236.629,203.64,184.64,84.19444001,8.701106916,13.75065792
0.1139,0.1503,0.75,0.7,0.09333333,187.77,143.14,99.15,62.71915949,11.3479223,29.86264046
0.1139,0.1503,0.75,0.7,0.17666667,159.22,113.057,70.71,51.45810595,13.31902287,30.55980667
0.1139,0.1503,0.75,0.7,0.25,142.098,96.744,61.71,45.08903988,14.38850263,27.25566191
0.1139,0.1503,0.999,0.7,0.01,233.501,201.23,183.08,83.28837759,8.586812625,13.25876128
0.1139,0.1503,0.999,0.7,0.09333333,180.502,136.736,95.37,60.25885037,11.46292524,28.60027608
0.1139,0.1503,0.999,0.7,0.17666667,150.13,105.907,67.53,48.50610982,13.15039442,28.42663705
0.1139,0.1503,0.999,0.7,0.25,132.003,89.649,59.73,41.9718453,13.87206879,24.21755392
0.1139,0.32,0.001,0.7,0.01,249.503,213.204,189.92,87.79229573,9.203191758,16.19644432
0.1139,0.32,0.001,0.7,0.09333333,215.942,165.477,111.9,71.44508938,12.08825239,34.83388
0.1139,0.32,0.001,0.7,0.17666667,196.304,139.85,80.91,62.5752666,15.13704551,39.61288977
0.1139,0.32,0.001,0.7,0.25,182.809,124.476,69.92,57.09364521,17.04964231,38.4479667
0.1139,0.32,0.25,0.7,0.01,244.978,209.373,187.85,86.4117423,9.241153594,15.28269864
0.1139,0.32,0.25,0.7,0.09333333,205.232,157.302,107.25,68.23631441,11.65368064,32.96537093
0.1139,0.32,0.25,0.7,0.17666667,182.014,129.366,77.29,58.30435119,14.55052827,35.97855796
0.1139,0.32,0.25,0.7,0.25,166.938,113.812,66.67,52.51026377,15.92280473,34.26219484
0.1139,0.32,0.5,0.7,0.01,240.472,206.252,185.91,85.20525856,8.934321784,14.55117709
0.1139,0.32,0.5,0.7,0.09333333,195.505,150.169,103.34,65.3738384,11.12890282,31.17647224
0.1139,0.32,0.5,0.7,0.17666667,169.731,120.917,74.07,54.72555075,13.72356868,33.0191643
0.1139,0.32,0.5,0.7,0.25,153.732,104.905,64.29,48.63591267,15.0299513,30.49627601
0.1139,0.32,0.75,0.7,0.01,236.659,203.689,184.76,84.21188451,8.704557807,13.70942179
0.1139,0.32,0.75,0.7,0.09333333,187.67,143.32,99.27,62.75595925,11.21868476,29.84328319
0.1139,0.32,0.75,0.7,0.17666667,159.287,113.2,70.66,51.50194279,13.26232135,30.64113065
0.1139,0.32,0.75,0.7,0.25,142.152,96.864,61.83,45.12841338,14.35351006,27.23505259
0.1139,0.32,0.999,0.7,0.01,233.563,201.274,183.1,83.30541236,8.58913431,13.27162923
0.1139,0.32,0.999,0.7,0.09333333,180.516,136.934,95.54,60.31348812,11.37663039,28.57564826
0.1139,0.32,0.999,0.7,0.17666667,150.313,105.969,67.65,48.54551025,13.20583778,28.41335019
0.1139,0.32,0.999,0.7,0.25,132.035,89.649,59.72,41.97573859,13.88443002,24.23143041
0.2207,0.003,0.001,0.7,0.01,235.891,199.249,170.45,82.74949012,8.76283571,19.24224141
0.2207,0.003,0.001,0.7,0.09333333,186.314,130.321,68.18,58.92584533,15.19099017,41.58186033
0.2207,0.003,0.001,0.7,0.17666667,156.901,98.508,45.88,47.21543961,18.79787343,38.80390477
0.2207,0.003,0.001,0.7,0.25,139.139,82.953,42.85,40.98141672,19.65852434,32.82565147
0.2207,0.003,0.25,0.7,0.01,230.598,195.35,168.29,81.26102528,8.52369773,18.24649234
0.2207,0.003,0.25,0.7,0.09333333,171.758,120.339,64.33,54.69001068,14.16649886,38.22444386
0.2207,0.003,0.25,0.7,0.17666667,140.448,88.092,44.68,42.45313765,17.37610537,33.54623173
0.2207,0.003,0.25,0.7,0.25,121.437,73.448,42.34,36.15689953,17.23101081,26.89369826
0.2207,0.003,0.5,0.7,0.01,225.979,192.184,165.8,80.00434351,8.108743764,17.75842886
0.2207,0.003,0.5,0.7,0.09333333,160.453,111.262,60.3,51.00747745,14.04093189,35.70012383
0.2207,0.003,0.5,0.7,0.17666667,126.262,79.097,43,38.26177687,16.11935828,29.15480713
0.2207,0.003,0.5,0.7,0.25,106.99,65.765,41.66,32.16521907,15.18096312,21.99260816
0.2207,0.003,0.75,0.7,0.01,222.749,188.812,163.58,78.82494954,8.364722422,17.25940077
0.2207,0.003,0.75,0.7,0.09333333,150.608,103.317,57.99,47.76479717,14.0519207,32.82618035
0.2207,0.003,0.75,0.7,0.17666667,114.308,71.82,41.32,34.744929,14.85743995,25.56616945
0.2207,0.003,0.75,0.7,0.25,94.945,59.632,40.92,28.85695924,13.28878565,17.93480186
0.2207,0.003,0.999,0.7,0.01,220.018,185.49,161.08,77.6949069,8.747751298,16.98852475
0.2207,0.003,0.999,0.7,0.09333333,141.217,96.494,54.9,44.81821496,13.56344215,30.73095241
0.2207,0.003,0.999,0.7,0.17666667,104.09,64.891,40.14,31.50988558,14.23526699,22.01466162
0.2207,0.003,0.999,0.7,0.25,85.593,54.818,39.82,26.2332769,11.79595928,14.99604844
0.2207,0.0175,0.001,0.7,0.01,235.878,199.268,170.46,82.75311729,8.750073928,19.23938736
0.2207,0.0175,0.001,0.7,0.09333333,186.365,130.328,68.17,58.93330681,15.20834027,41.59911456
0.2207,0.0175,0.001,0.7,0.17666667,156.887,98.52,45.89,47.21659997,18.7854825,38.80052077
0.2207,0.0175,0.001,0.7,0.25,139.142,82.958,42.84,40.98306986,19.65658199,32.82879401
0.2207,0.0175,0.25,0.7,0.01,230.589,195.337,168.31,81.25734294,8.529726104,18.23238717
0.2207,0.0175,0.25,0.7,0.09333333,171.752,120.353,64.34,54.69279845,14.15725443,38.22122346
0.2207,0.0175,0.25,0.7,0.17666667,140.438,88.089,44.65,42.45087644,17.37183108,33.55580661
0.2207,0.0175,0.25,0.7,0.25,121.453,73.453,42.35,36.16055449,17.23613669,26.89119733
0.2207,0.0175,0.5,0.7,0.01,225.979,192.183,165.8,80.0039353,8.108349679,17.76024438
0.2207,0.0175,0.5,0.7,0.09333333,160.456,111.27,60.29,51.00980923,14.03693665,35.70831988
0.2207,0.0175,0.5,0.7,0.17666667,126.243,79.068,43.01,38.25199249,16.12810779,29.14008235
0.2207,0.0175,0.5,0.7,0.25,106.988,65.767,41.65,32.16541576,15.17746511,21.99892389
0.2207,0.0175,0.75,0.7,0.01,222.738,188.794,163.61,78.81993185,8.373530584,17.23910477
0.2207,0.0175,0.75,0.7,0.09333333,150.624,103.311,57.99,47.76543848,14.06267117,32.8270935
0.2207,0.0175,0.75,0.7,0.17666667,114.296,71.823,41.33,34.74420222,14.85148949,25.55623064
0.2207,0.0175,0.75,0.7,0.25,94.937,59.643,40.92,28.85878397,13.2785194,17.93630065
0.2207,0.0175,0.999,0.7,0.01,220.024,185.494,161.1,77.69670896,8.751281009,16.97970091
0.2207,0.0175,0.999,0.7,0.09333333,141.235,96.5,54.92,44.82215711,13.56954968,30.72909976
0.2207,0.0175,0.999,0.7,0.17666667,104.094,64.897,40.13,31.5117924,14.2322221,22.0254096
0.2207,0.0175,0.999,0.7,0.25,85.598,54.831,39.82,26.23745636,11.7910471,14.99871799
0.2207,0.0591,0.001,0.7,0.01,235.878,199.264,170.47,82.75236729,8.753109328,19.23518788
0.2207,0.0591,0.001,0.7,0.09333333,186.355,130.368,68.2,58.9423562,15.18391387,41.59314862
0.2207,0.0591,0.001,0.7,0.17666667,156.945,98.541,45.84,47.2289815,18.79647631,38.84123069
0.2207,0.0591,0.001,0.7,0.25,139.155,82.987,42.86,40.9923076,19.64679568,32.82983206
0.2207,0.0591,0.25,0.7,0.01,230.636,195.341,168.3,81.26272112,8.544445883,18.24302544
0.2207,0.0591,0.25,0.7,0.09333333,171.751,120.408,64.35,54.70667154,14.12621866,38.23188895
0.2207,0.0591,0.25,0.7,0.17666667,140.443,88.143,44.65,42.46489457,17.34281543,33.57129865
0.2207,0.0591,0.25,0.7,0.25,121.507,73.482,42.31,36.17464197,17.24073112,26.93178211
0.2207,0.0591,0.5,0.7,0.01,225.967,192.204,165.83,80.00853671,8.09684239,17.75268287
0.2207,0.0591,0.5,0.7,0.09333333,160.498,111.322,60.28,51.02773008,14.02461751,35.73916109
0.2207,0.0591,0.5,0.7,0.17666667,126.23,79.129,43.03,38.26602493,16.08780533,29.14208327
0.2207,0.0591,0.5,0.7,0.25,106.981,65.797,41.64,32.17195026,15.15504032,22.01385656
0.2207,0.0591,0.75,0.7,0.01,222.741,188.781,163.62,78.81726627,8.382829724,17.22989836
0.2207,0.0591,0.75,0.7,0.09333333,150.647,103.335,58,47.77447667,14.05933133,32.83427702
0.2207,0.0591,0.75,0.7,0.17666667,114.32,71.857,41.31,34.75598902,14.84049049,25.58147892
0.2207,0.0591,0.75,0.7,0.25,95.047,59.647,40.91,28.87485996,13.32604937,17.96776757
0.2207,0.0591,0.999,0.7,0.01,220.002,185.521,161.1,77.70128107,8.727523073,16.98992663
0.2207,0.0591,0.999,0.7,0.09333333,141.207,96.511,54.91,44.82139398,13.54975702,30.73308409
0.2207,0.0591,0.999,0.7,0.17666667,104.114,64.913,40.14,31.51903666,14.23258564,22.0247415
0.2207,0.0591,0.999,0.7,0.25,85.63,54.793,39.82,26.23158194,11.83040341,14.99095077
0.2207,0.1503,0.001,0.7,0.01,235.942,199.266,170.54,82.7602107,8.786133053,19.20698531
0.2207,0.1503,0.001,0.7,0.09333333,186.408,130.366,68.28,58.94888855,15.21358991,41.55860646
0.2207,0.1503,0.001,0.7,0.17666667,157.082,98.656,45.92,47.27595008,18.79592464,38.8560243
0.2207,0.1503,0.001,0.7,0.25,139.201,83.068,42.89,41.01871459,19.62154681,32.84855218
0.2207,0.1503,0.25,0.7,0.01,230.686,195.334,168.38,81.26699066,8.577582062,18.20859065
0.2207,0.1503,0.25,0.7,0.09333333,171.843,120.409,64.39,54.71823145,14.16849293,38.22787482
0.2207,0.1503,0.25,0.7,0.17666667,140.47,88.176,44.67,42.4769386,17.336578,33.5785508
0.2207,0.1503,0.25,0.7,0.25,121.532,73.547,42.37,36.19542029,17.21789456,26.92480324
0.2207,0.1503,0.5,0.7,0.01,225.977,192.214,165.89,80.01321671,8.103170596,17.72663949
0.2207,0.1503,0.5,0.7,0.09333333,160.534,111.394,60.31,51.0505147,14.00192717,35.75186025
0.2207,0.1503,0.5,0.7,0.17666667,126.35,79.134,43.06,38.2837562,16.14189494,29.14929975
0.2207,0.1503,0.5,0.7,0.25,106.943,65.834,41.67,32.17701472,15.11830635,21.99543842
0.2207,0.1503,0.75,0.7,0.01,222.743,188.808,163.63,78.82427418,8.370840434,17.23470158
0.2207,0.1503,0.75,0.7,0.09333333,150.692,103.376,58.01,47.79061217,14.05669344,32.84978244
0.2207,0.1503,0.75,0.7,0.17666667,114.377,71.854,41.39,34.76424576,14.87494406,25.54628319
0.2207,0.1503,0.75,0.7,0.25,95.093,59.693,40.91,28.89361098,13.31836206,17.99676951
0.2207,0.1503,0.999,0.7,0.01,220.016,185.549,161.16,77.71100668,8.726139793,16.96921626
0.2207,0.1503,0.999,0.7,0.09333333,141.206,96.501,54.93,44.81901171,13.55669327,30.71747881
0.2207,0.1503,0.999,0.7,0.17666667,104.163,64.929,40.19,31.53071218,14.25041163,22.01074014
0.2207,0.1503,0.999,0.7,0.25,85.658,54.819,39.84,26.24282669,11.82942012,14.99597553
0.2207,0.32,0.001,0.7,0.01,236.01,199.272,170.62,82.76943533,8.819412378,19.17913372
0.2207,0.32,0.001,0.7,0.09333333,186.382,130.534,68.33,58.98812779,15.11292668,41.57788177
0.2207,0.32,0.001,0.7,0.17666667,157.313,98.713,45.94,47.32028444,18.86700932,38.90472024
0.2207,0.32,0.001,0.7,0.25,139.373,83.155,42.91,41.06387814,19.64990933,32.89298737
0.2207,0.32,0.25,0.7,0.01,230.731,195.366,168.45,81.28060469,8.587309888,18.18860825
0.2207,0.32,0.25,0.7,0.09333333,172.001,120.525,64.43,54.76653315,14.17609844,38.26572002
0.2207,0.32,0.25,0.7,0.17666667,140.636,88.168,44.65,42.49699699,17.4150413,33.61609682
0.2207,0.32,0.25,0.7,0.25,121.578,73.531,42.38,36.19813604,17.24910753,26.92145971
0.2207,0.32,0.5,0.7,0.01,226.101,192.228,165.95,80.02924625,8.151334187,17.7174206
0.2207,0.32,0.5,0.7,0.09333333,160.639,111.445,60.3,51.07599476,14.01896296,35.78898944
0.2207,0.32,0.5,0.7,0.17666667,126.425,79.155,43.11,38.29984854,16.16708441,29.14269253
0.2207,0.32,0.5,0.7,0.25,107.112,65.887,41.7,32.21465039,15.16675523,22.02924828
0.2207,0.32,0.75,0.7,0.01,222.772,188.81,163.75,78.82990689,8.397535084,17.17743072
0.2207,0.32,0.75,0.7,0.09333333,150.802,103.401,57.89,47.80888336,14.08237591,32.93659556
0.2207,0.32,0.75,0.7,0.17666667,114.416,71.836,41.44,34.76538086,14.90723132,25.52495548
0.2207,0.32,0.75,0.7,0.25,95.119,59.774,40.69,28.91498058,13.25795773,18.16243232
0.2207,0.32,0.999,0.7,0.01,220.06,185.61,161.25,77.73194109,8.722789401,16.95289289
0.2207,0.32,0.999,0.7,0.09333333,141.219,96.522,54.98,44.82680341,13.55472647,30.69604461
0.2207,0.32,0.999,0.7,0.17666667,104.178,64.93,40.26,31.53411406,14.26220117,21.97684578
0.2207,0.32,0.999,0.7,0.25,85.677,54.835,39.85,26.25004318,11.82934791,14.99758747
0.3793,0.003,0.001,0.7,0.01,224.876,186.236,150.02,78.11358493,8.777642913,23.56259964
0.3793,0.003,0.001,0.7,0.09333333,155.493,96.644,36.14,46.48323822,18.73149616,42.72552825
0.3793,0.003,0.001,0.7,0.17666667,119.779,65.386,29.49,33.75933945,20.41934683,31.33064732
0.3793,0.003,0.001,0.7,0.25,99.915,54.996,31.93,28.22130187,17.68742359,22.87432932
0.3793,0.003,0.25,0.7,0.01,219.551,181.138,147.22,76.29010989,9.064264016,22.49228527
0.3793,0.003,0.25,0.7,0.09333333,139.408,85.783,34.9,41.63461426,17.67835697,37.68489902
0.3793,0.003,0.25,0.7,0.17666667,101.859,56.128,30.17,28.77712325,17.77275322,24.65525566
0.3793,0.003,0.25,0.7,0.25,83.487,47.946,31.98,23.91689931,14.35658876,17.01914824
0.3793,0.003,0.5,0.7,0.01,213.781,176.299,144.55,74.4828369,9.061343503,21.36591478
0.3793,0.003,0.5,0.7,0.09333333,125.435,76.478,33.78,37.37442471,16.69068959,33.16867443
0.3793,0.003,0.5,0.7,0.17666667,87.119,49.056,30.23,24.72735179,15.22493285,19.26383873
0.3793,0.003,0.5,0.7,0.25,70.894,43.11,31.73,20.72771711,11.38558258,12.71313796
0.3793,0.003,0.75,0.7,0.01,208.432,172.414,142.1,72.95058492,8.740234427,20.50765357
0.3793,0.003,0.75,0.7,0.09333333,113.205,68.537,32.02,33.62180908,15.66102878,29.52444089
0.3793,0.003,0.75,0.7,0.17666667,75.767,44.241,29.96,21.7252072,12.82427864,15.31857634
0.3793,0.003,0.75,0.7,0.25,61.284,39.454,31.08,18.28287713,9.019469012,9.662124836
0.3793,0.003,0.999,0.7,0.01,204.454,168.888,140.12,71.64362979,8.82468108,19.72642136
0.3793,0.003,0.999,0.7,0.09333333,103.274,62.236,30.03,30.55490777,14.69377756,26.82237821
0.3793,0.003,0.999,0.7,0.17666667,67.209,40.194,29.39,19.31594122,11.23632701,12.3421987
0.3793,0.003,0.999,0.7,0.25,54.362,36.818,30.32,16.51065232,7.267734794,7.620265344
0.3793,0.0175,0.001,0.7,0.01,224.883,186.24,150,78.11490955,8.775239212,23.57526476
0.3793,0.0175,0.001,0.7,0.09333333,155.49,96.64,36.14,46.48204458,18.73252231,42.72114264
0.3793,0.0175,0.001,0.7,0.17666667,119.767,65.392,29.5,33.75890493,20.4112849,31.3275905
0.3793,0.0175,0.001,0.7,0.25,99.903,54.99,31.94,28.21794813,17.68577132,22.86712782
0.3793,0.0175,0.25,0.7,0.01,219.556,181.16,147.13,76.29448257,9.044738375,22.5419169
0.3793,0.0175,0.25,0.7,0.09333333,139.415,85.795,34.88,41.63835079,17.67308047,37.70096592
0.3793,0.0175,0.25,0.7,0.17666667,101.848,56.118,30.2,28.77322106,17.77536482,24.6344109
0.3793,0.0175,0.25,0.7,0.25,83.493,47.94,32,23.91660171,14.3651429,17.00787201
0.3793,0.0175,0.5,0.7,0.01,213.788,176.299,144.55,74.48331413,9.064489239,21.3650079
0.3793,0.0175,0.5,0.7,0.09333333,125.446,76.473,33.77,37.37455492,16.69759064,33.17699335
0.3793,0.0175,0.5,0.7,0.17666667,87.109,49.038,30.23,24.72108963,15.2325772,19.25334031
0.3793,0.0175,0.5,0.7,0.25,70.89,43.103,31.74,20.72526533,11.38883411,12.70761299
0.3793,0.0175,0.75,0.7,0.01,208.429,172.415,142.08,72.95048181,8.736279987,20.51572859
0.3793,0.0175,0.75,0.7,0.09333333,113.207,68.535,32.02,33.62134221,15.66313203,29.52443018
0.3793,0.0175,0.75,0.7,0.17666667,75.773,44.238,29.96,21.72522048,12.82916168,15.32029561
0.3793,0.0175,0.75,0.7,0.25,61.295,39.447,31.08,18.28232254,9.030256084,9.660363601
0.3793,0.0175,0.999,0.7,0.01,204.456,168.896,140.13,71.64605378,8.821996589,19.72525512
0.3793,0.0175,0.999,0.7,0.09333333,103.3,62.239,30.03,30.5594485,14.70431467,26.82840297
0.3793,0.0175,0.999,0.7,0.17666667,67.202,40.2,29.39,19.31672715,11.22890166,12.34224116
0.3793,0.0175,0.999,0.7,0.25,54.367,36.818,30.32,16.51136648,7.270156598,7.620740966
0.3793,0.0591,0.001,0.7,0.01,224.886,186.261,150.03,78.1210425,8.769326873,23.56599203
0.3793,0.0591,0.001,0.7,0.09333333,155.536,96.688,36.05,46.49919929,18.72212089,42.78073448
0.3793,0.0591,0.001,0.7,0.17666667,119.782,65.425,29.48,33.76916957,20.39767274,31.34665222
0.3793,0.0591,0.001,0.7,0.25,99.947,55.002,31.94,28.22754643,17.69892383,22.87953955
0.3793,0.0591,0.25,0.7,0.01,219.532,181.14,147.17,76.28797268,9.050049256,22.51446005
0.3793,0.0591,0.25,0.7,0.09333333,139.429,85.803,34.87,41.64215638,17.67430001,37.71009532
0.3793,0.0591,0.25,0.7,0.17666667,101.864,56.141,30.2,28.7814029,17.76932735,24.64273371
0.3793,0.0591,0.25,0.7,0.25,83.511,47.947,31.99,23.9209307,14.36854332,17.01813556
0.3793,0.0591,0.5,0.7,0.01,213.777,176.324,144.57,74.48895688,9.049414808,21.36286566
0.3793,0.0591,0.5,0.7,0.09333333,125.423,76.472,33.79,37.3713633,16.68915559,33.16142627
0.3793,0.0591,0.5,0.7,0.17666667,87.132,49.02,30.24,24.72001196,15.25420887,19.25072199
0.3793,0.0591,0.5,0.7,0.25,70.882,43.107,31.74,20.7254677,11.38284495,12.70428867
0.3793,0.0591,0.75,0.7,0.01,208.425,172.421,142.11,72.95198309,8.734990376,20.50385913
0.3793,0.0591,0.75,0.7,0.09333333,113.19,68.554,32.04,33.62409692,15.64536133,29.51656421
0.3793,0.0591,0.75,0.7,0.17666667,75.779,44.239,29.97,21.72661126,12.83152457,15.31840895
0.3793,0.0591,0.75,0.7,0.25,61.299,39.445,31.09,18.28222835,9.034618907,9.655807693
0.3793,0.0591,0.999,0.7,0.01,204.475,168.897,140.16,71.64882927,8.832536477,19.71304155
0.3793,0.0591,0.999,0.7,0.09333333,103.302,62.248,30.03,30.56213057,14.69946082,26.83137286
0.3793,0.0591,0.999,0.7,0.17666667,67.189,40.197,29.39,19.31413113,11.22502492,12.3345604
0.3793,0.0591,0.999,0.7,0.25,54.372,36.822,30.33,16.51356406,7.271314006,7.618563544
0.3793,0.1503,0.001,0.7,0.01,224.882,186.258,150.04,78.11992704,8.770585218,23.56170505
0.3793,0.1503,0.001,0.7,0.09333333,155.56,96.754,36.05,46.51857817,18.69412345,42.80338875
0.3793,0.1503,0.001,0.7,0.17666667,119.778,65.471,29.47,33.77951893,20.36775792,31.3642689
0.3793,0.1503,0.001,0.7,0.25,99.985,55.033,31.97,28.24179653,17.70017552,22.87747314
0.3793,0.1503,0.25,0.7,0.01,219.528,181.157,147.18,76.29188852,9.041594309,22.51114939
0.3793,0.1503,0.25,0.7,0.09333333,139.501,85.836,34.91,41.66047359,17.69061753,37.70924356
0.3793,0.1503,0.25,0.7,0.17666667,101.961,56.172,30.22,28.80428103,17.79646174,24.66447094
0.3793,0.1503,0.25,0.7,0.25,83.489,47.954,31.98,23.91937547,14.35224435,17.0218871
0.3793,0.1503,0.5,0.7,0.01,213.833,176.317,144.55,74.4921413,9.072875798,21.3761508
0.3793,0.1503,0.5,0.7,0.09333333,125.403,76.463,33.87,37.36727076,16.69026244,33.11168081
0.3793,0.1503,0.5,0.7,0.17666667,87.161,49.053,30.27,24.73374308,15.25102461,19.24423539
0.3793,0.1503,0.5,0.7,0.25,70.912,43.122,31.77,20.73442351,11.39079983,12.69910924
0.3793,0.1503,0.75,0.7,0.01,208.458,172.408,142.16,72.95303079,8.761602262,20.47733
0.3793,0.1503,0.75,0.7,0.09333333,113.192,68.534,32.05,33.61950732,15.65861794,29.50647419
0.3793,0.1503,0.75,0.7,0.17666667,75.831,44.268,29.96,21.74224825,12.83788135,15.34147568
0.3793,0.1503,0.75,0.7,0.25,61.288,39.461,31.09,18.28554635,9.018808457,9.656871597
0.3793,0.1503,0.999,0.7,0.01,204.501,168.913,140.13,71.65463579,8.830237413,19.73857341
0.3793,0.1503,0.999,0.7,0.09333333,103.329,62.244,30.03,30.56500172,14.71474634,26.83491553
0.3793,0.1503,0.999,0.7,0.17666667,67.22,40.209,29.38,19.32173708,11.23103155,12.35433918
0.3793,0.1503,0.999,0.7,0.25,54.372,36.825,30.33,16.51427278,7.269450438,7.618991958
0.3793,0.32,0.001,0.7,0.01,224.888,186.366,150.04,78.14729577,8.715455575,23.59822222
0.3793,0.32,0.001,0.7,0.09333333,155.512,96.975,36.13,46.56706228,18.55029696,42.81248425
0.3793,0.32,0.001,0.7,0.17666667,119.769,65.505,29.54,33.78711581,20.34823514,31.33215041
0.3793,0.32,0.001,0.7,0.25,100.119,55.019,32.03,28.25946204,17.77453285,22.87003915
0.3793,0.32,0.25,0.7,0.01,219.545,181.16,147.21,76.29498414,9.050266468,22.49941041
0.3793,0.32,0.25,0.7,0.09333333,139.564,85.892,34.95,41.68341748,17.68852118,37.71717827
0.3793,0.32,0.25,0.7,0.17666667,101.976,56.164,30.23,28.80447056,17.80960427,24.65620834
0.3793,0.32,0.25,0.7,0.25,83.491,47.934,32.01,23.91469887,14.3685488,16.99979573
0.3793,0.32,0.5,0.7,0.01,213.861,176.354,144.54,74.50403815,9.062871467,21.39800183
0.3793,0.32,0.5,0.7,0.09333333,125.391,76.526,33.88,37.3814562,16.6475336,33.12439053
0.3793,0.32,0.5,0.7,0.17666667,87.215,49.088,30.28,24.75113829,15.25520898,19.2626483
0.3793,0.32,0.5,0.7,0.25,70.965,43.122,31.78,20.7426879,11.4178206,12.70291609
0.3793,0.32,0.75,0.7,0.01,208.476,172.395,142.18,72.95182784,8.778477374,20.46470275
0.3793,0.32,0.75,0.7,0.09333333,113.206,68.574,32.09,33.63198738,15.64328858,29.50022241
0.3793,0.32,0.75,0.7,0.17666667,75.962,44.302,29.99,21.77149091,12.88179195,15.36691923
0.3793,0.32,0.75,0.7,0.25,61.327,39.486,31.12,18.29931936,9.024889614,9.657206082
0.3793,0.32,0.999,0.7,0.01,204.507,168.912,140.13,71.65522411,8.833596061,19.73642881
0.3793,0.32,0.999,0.7,0.09333333,103.367,62.276,30.03,30.5787602,14.71249139,26.85526835
0.3793,0.32,0.999,0.7,0.17666667,67.256,40.196,29.39,19.3233642,11.2585064,12.35094038
0.3793,0.32,0.999,0.7,0.25,54.387,36.837,30.34,16.52043864,7.270582928,7.617994603
0.6,0.003,0.001,0.7,0.01,213.909,171.879,130.69,73.13462227,9.804949893,27.00400246
0.6,0.003,0.001,0.7,0.09333333,124.542,67.497,18.98,34.8943243,20.88063115,37.86505289
0.6,0.003,0.001,0.7,0.17666667,86.274,43.235,24.1,23.0075502,17.97075014,21.01720208
0.6,0.003,0.001,0.7,0.25,70.124,38.804,25.93,19.30387463,13.20871242,14.73969154
0.6,0.003,0.25,0.7,0.01,206.475,166.481,127.29,70.99159662,9.341991356,25.83852777
0.6,0.003,0.25,0.7,0.09333333,106.731,57.598,20.15,29.77685993,18.57873062,31.50261688
0.6,0.003,0.25,0.7,0.17666667,70.027,37.741,24.15,18.96796408,13.68302039,15.49809904
0.6,0.003,0.25,0.7,0.25,56.736,35.088,25.2,16.20710955,8.947583068,10.8365288
0.6,0.003,0.5,0.7,0.01,200.315,161.152,123.62,68.97467988,9.320869811,25.0192675
0.6,0.003,0.5,0.7,0.09333333,92.425,48.859,20.57,25.36485791,17.18380642,26.02856738
0.6,0.003,0.5,0.7,0.17666667,58.184,34.015,23.56,16.07447275,10.21422227,11.8431769
0.6,0.003,0.5,0.7,0.25,47.817,32.169,24.27,14.01910738,6.283178316,8.346999992
0.6,0.003,0.75,0.7,0.01,194.659,156.328,120.07,67.12660572,9.244030239,24.37415977
0.6,0.003,0.75,0.7,0.09333333,79.842,42.263,20.88,21.67786609,15.29203072,21.2048346
0.6,0.003,0.75,0.7,0.17666667,49.577,31.028,22.87,13.88593432,7.794040867,9.206881511
0.6,0.003,0.75,0.7,0.25,42.647,30.021,23.26,12.59838571,4.97131871,7.019555411
0.6,0.003,0.999,0.7,0.01,189.638,152.509,116.47,65.58700604,8.867654493,24.19629372
0.6,0.003,0.999,0.7,0.09333333,69.391,37.26,21.04,18.68383035,13.40845166,17.17444056
0.6,0.003,0.999,0.7,0.17666667,43.613,28.509,22.49,12.23145166,6.432270835,7.101908407
0.6,0.003,0.999,0.7,0.25,39.272,27.84,22.74,11.417103,4.693570483,5.705637407
0.6,0.0175,0.001,0.7,0.01,213.922,171.882,130.68,73.13662172,9.808318886,27.00749226
0.6,0.0175,0.001,0.7,0.09333333,124.564,67.496,18.97,34.89752045,20.89029506,37.87233762
0.6,0.0175,0.001,0.7,0.17666667,86.275,43.236,24.1,23.00801572,17.97069559,21.01739103
0.6,0.0175,0.001,0.7,0.25,70.125,38.805,25.93,19.30435082,13.2086789,14.73990283
0.6,0.0175,0.25,0.7,0.01,206.464,166.486,127.28,70.99179196,9.334923163,25.83974178
0.6,0.0175,0.25,0.7,0.09333333,106.748,57.601,20.14,29.78031611,18.58468115,31.5080122
0.6,0.0175,0.25,0.7,0.17666667,70.031,37.742,24.15,18.96865191,13.68483419,15.49873814
0.6,0.0175,0.25,0.7,0.25,56.715,35.089,25.2,16.20437567,8.936079098,10.83127708
0.6,0.0175,0.5,0.7,0.01,200.312,161.153,123.61,68.97480615,9.318575168,25.02003746
0.6,0.0175,0.5,0.7,0.09333333,92.428,48.852,20.57,25.36357228,17.19000957,26.02607755
0.6,0.0175,0.5,0.7,0.17666667,58.183,34.016,23.56,16.07443311,10.21313724,11.84269581
0.6,0.0175,0.5,0.7,0.25,47.812,32.171,24.27,14.01889949,6.279119037,8.346148811
0.6,0.0175,0.75,0.7,0.01,194.666,156.326,120.08,67.12698365,9.24787256,24.37377157
0.6,0.0175,0.75,0.7,0.09333333,79.83,42.275,20.89,21.67926909,15.27875953,21.2027165
0.6,0.0175,0.75,0.7,0.17666667,49.579,31.026,22.87,13.88550215,7.796819847,9.205768354
0.6,0.0175,0.75,0.7,0.25,42.647,30.021,23.26,12.59836912,4.971289675,7.01909421
0.6,0.0175,0.999,0.7,0.01,189.643,152.501,116.47,65.58549771,8.874146021,24.19418012
0.6,0.0175,0.999,0.7,0.09333333,69.393,37.261,21.04,18.68451987,13.40837516,17.17521191
0.6,0.0175,0.999,0.7,0.17666667,43.618,28.511,22.49,12.23275515,6.433760975,7.103737441
0.6,0.0175,0.999,0.7,0.25,39.273,27.84,22.74,11.41733099,4.693789429,5.705615756
0.6,0.0591,0.001,0.7,0.01,213.895,171.895,130.68,73.13727086,9.790467216,27.00844431
0.6,0.0591,0.001,0.7,0.09333333,124.571,67.517,18.98,34.9036789,20.88184684,37.87350966
0.6,0.0591,0.001,0.7,0.17666667,86.285,43.241,24.11,23.01094665,17.97279839,21.01768474
0.6,0.0591,0.001,0.7,0.25,70.11,38.82,25.94,19.30641193,13.19223591,14.73649247
0.6,0.0591,0.25,0.7,0.01,206.48,166.505,127.28,70.99803963,9.330860391,25.84910901
0.6,0.0591,0.25,0.7,0.09333333,106.758,57.634,20.15,29.79005713,18.56963959,31.51503687
0.6,0.0591,0.25,0.7,0.17666667,70.014,37.748,24.15,18.9678148,13.67219128,15.49569977
0.6,0.0591,0.25,0.7,0.25,56.697,35.085,25.21,16.20049852,8.930955009,10.82317087
0.6,0.0591,0.5,0.7,0.01,200.322,161.16,123.63,68.97761184,9.320811963,25.01592061
0.6,0.0591,0.5,0.7,0.09333333,92.445,48.853,20.57,25.36656688,17.19758061,26.02722711
0.6,0.0591,0.5,0.7,0.17666667,58.189,34.011,23.56,16.07425615,10.2196444,11.84100939
0.6,0.0591,0.5,0.7,0.25,47.818,32.175,24.27,14.02116784,6.279727497,8.348642204
0.6,0.0591,0.75,0.7,0.01,194.69,156.314,120.07,67.12639913,9.26395699,24.37528299
0.6,0.0591,0.75,0.7,0.09333333,79.854,42.26,20.89,21.67908912,15.30002772,21.20115529
0.6,0.0591,0.75,0.7,0.17666667,49.587,31.026,22.87,13.88655506,7.801214104,9.206294913
0.6,0.0591,0.75,0.7,0.25,42.649,30.023,23.27,12.59907562,4.971446477,7.019022917
0.6,0.0591,0.999,0.7,0.01,189.635,152.499,116.47,65.58425709,8.871408347,24.19370587
0.6,0.0591,0.999,0.7,0.09333333,69.401,37.269,21.04,18.6878216,13.40738258,17.17931105
0.6,0.0591,0.999,0.7,0.17666667,43.619,28.517,22.49,12.23498295,6.430173171,7.106373335
0.6,0.0591,0.999,0.7,0.25,39.276,27.841,22.74,11.41811895,4.69486172,5.705784147
0.6,0.1503,0.001,0.7,0.01,213.906,171.905,130.69,73.14077662,9.790744138,27.00885467
0.6,0.1503,0.001,0.7,0.09333333,124.575,67.555,18.96,34.91335952,20.86075882,37.89091936
0.6,0.1503,0.001,0.7,0.17666667,86.301,43.221,24.13,23.00879141,17.99349397,21.00273795
0.6,0.1503,0.001,0.7,0.25,70.158,38.796,25.95,19.30754441,13.23263525,14.73184762
0.6,0.1503,0.25,0.7,0.01,206.406,166.508,127.29,70.99157169,9.299873952,25.83794762
0.6,0.1503,0.25,0.7,0.09333333,106.803,57.644,20.15,29.79934915,18.58481276,31.52668099
0.6,0.1503,0.25,0.7,0.17666667,70.06,37.759,24.16,18.97798473,13.68850199,15.50726473
0.6,0.1503,0.25,0.7,0.25,56.72,35.089,25.21,16.20534559,8.940353317,10.82604158
0.6,0.1503,0.5,0.7,0.01,200.329,161.184,123.65,68.98464476,9.312713774,25.01585068
0.6,0.1503,0.5,0.7,0.09333333,92.467,48.856,20.59,25.3710014,17.20667838,26.02408651
0.6,0.1503,0.5,0.7,0.17666667,58.192,34.004,23.56,16.07281732,10.2265484,11.8356192
0.6,0.1503,0.5,0.7,0.25,47.841,32.174,24.28,14.02422211,6.292163232,8.35081413
0.6,0.1503,0.75,0.7,0.01,194.656,156.347,120.04,67.13070567,9.228430376,24.39657662
0.6,0.1503,0.75,0.7,0.09333333,79.865,42.264,20.89,21.68183151,15.30320371,21.2052296
0.6,0.1503,0.75,0.7,0.17666667,49.605,31.027,22.89,13.8899902,7.812115219,9.199411691
0.6,0.1503,0.75,0.7,0.25,42.65,30.025,23.28,12.60047515,4.973089045,7.008620415
0.6,0.1503,0.999,0.7,0.01,189.643,152.504,116.5,65.58689093,8.876087408,24.17879649
0.6,0.1503,0.999,0.7,0.09333333,69.414,37.269,21.02,18.68995026,13.41190797,17.19439049
0.6,0.1503,0.999,0.7,0.17666667,43.631,28.511,22.43,12.23332445,6.431329391,7.148037836
0.6,0.1503,0.999,0.7,0.25,39.295,27.842,22.68,11.41932379,4.69367203,5.753215778
0.6,0.32,0.001,0.7,0.01,213.92,171.918,130.7,73.14557864,9.789772984,27.01256087
0.6,0.32,0.001,0.7,0.09333333,124.689,67.626,18.93,34.94727906,20.87069678,37.94230111
0.6,0.32,0.001,0.7,0.17666667,86.31,43.234,24.12,23.01345571,17.98973178,21.01337904
0.6,0.32,0.001,0.7,0.25,70.191,38.791,25.95,19.3112914,13.25181505,14.73790391
0.6,0.32,0.25,0.7,0.01,206.416,166.516,127.33,70.99551923,9.304294154,25.82048853
0.6,0.32,0.25,0.7,0.09333333,106.777,57.694,20.14,29.80781506,18.5419281,31.54101782
0.6,0.32,0.25,0.7,0.17666667,70.051,37.758,24.18,18.97691762,13.68634531,15.49109945
0.6,0.32,0.25,0.7,0.25,56.779,35.129,25.22,16.22586462,8.943506839,10.85098616
0.6,0.32,0.5,0.7,0.01,200.301,161.184,123.69,68.98286161,9.305986368,24.9897221
0.6,0.32,0.5,0.7,0.09333333,92.435,48.835,20.61,25.36098228,17.20581333,25.99876868
0.6,0.32,0.5,0.7,0.17666667,58.251,34,23.57,16.08055314,10.26016698,11.84044675
0.6,0.32,0.5,0.7,0.25,47.855,32.183,24.28,14.02909687,6.295091788,8.351288806
0.6,0.32,0.75,0.7,0.01,194.699,156.379,120.09,67.14402867,9.233826403,24.39124235
0.6,0.32,0.75,0.7,0.09333333,79.879,42.302,20.88,21.69400605,15.28463294,21.22585705
0.6,0.32,0.75,0.7,0.17666667,49.601,31.055,22.89,13.89815992,7.791236545,9.206365215
0.6,0.32,0.75,0.7,0.25,42.656,30.021,23.29,12.60037144,4.980331494,7.001814426
0.6,0.32,0.999,0.7,0.01,189.602,152.501,116.54,65.5826514,8.864992306,24.15439299
0.6,0.32,0.999,0.7,0.09333333,69.461,37.305,21.01,18.70681815,13.41047413,17.22547809
0.6,0.32,0.999,0.7,0.17666667,43.696,28.508,22.42,12.24122081,6.465347306,7.168610087
0.6,0.32,0.999,0.7,0.25,39.302,27.84,22.67,11.41941144,4.69849787,5.756276013
